{"cameraMode":{"drawMode":0,"name":"Shaded","section":"Shading Mode"},"sceneLighting":false,"audioPlay":false,"sceneViewState":{"showFog":true,"showMaterialUpdate":false,"showSkybox":true,"showFlares":true,"showImageEffects":true,"showParticleSystems":true},"in2DMode":false,"pivot":{"x":150.37257385253907,"y":278.92620849609377,"z":-729.1693725585938},"rotation":{"x":-0.10362188518047333,"y":-0.008356896229088307,"z":0.0008726677624508739,"w":-0.994606614112854},"size":22.0,"orthographic":false}