{"cameraMode":{"drawMode":0,"name":"Shaded","section":"Shading Mode"},"sceneLighting":true,"audioPlay":false,"sceneViewState":{"showFog":true,"showMaterialUpdate":false,"showSkybox":true,"showFlares":true,"showImageEffects":true,"showParticleSystems":true},"in2DMode":false,"pivot":{"x":0.06904220581054688,"y":-1.6755719184875489,"z":2.5621895790100099},"rotation":{"x":-0.48071956634521487,"y":-0.10941913723945618,"z":0.06059257313609123,"w":-0.8679274320602417},"size":8.082169532775879,"orthographic":false}