{"cameraMode":{"drawMode":0,"name":"Shaded","section":"Shading Mode"},"sceneLighting":false,"audioPlay":false,"sceneViewState":{"showFog":true,"showMaterialUpdate":false,"showSkybox":true,"showFlares":true,"showImageEffects":true,"showParticleSystems":true},"in2DMode":false,"pivot":{"x":157.06329345703126,"y":258.2496643066406,"z":-551.53955078125},"rotation":{"x":-0.02129795216023922,"y":-0.03089110739529133,"z":0.0006615298916585743,"w":-0.9993189573287964},"size":148.94219970703126,"orthographic":false}