{"cameraMode":{"drawMode":0,"name":"Shaded","section":"Shading Mode"},"sceneLighting":false,"audioPlay":false,"sceneViewState":{"showFog":true,"showMaterialUpdate":false,"showSkybox":false,"showFlares":true,"showImageEffects":true,"showParticleSystems":true},"in2DMode":false,"pivot":{"x":3.109999895095825,"y":0.0,"z":2.2230000495910646},"rotation":{"x":0.5593071579933167,"y":0.10279998928308487,"z":-0.07022017240524292,"w":0.8196457028388977},"size":2.857883930206299,"orthographic":false}