{"cameraMode":{"drawMode":0,"name":"Shaded","section":"Shading Mode"},"sceneLighting":false,"audioPlay":false,"sceneViewState":{"showFog":true,"showMaterialUpdate":false,"showSkybox":true,"showFlares":true,"showImageEffects":true,"showParticleSystems":true},"in2DMode":false,"pivot":{"x":170.86289978027345,"y":305.9085388183594,"z":-632.2401123046875},"rotation":{"x":0.1914597898721695,"y":-0.34265172481536868,"z":0.07145483046770096,"w":0.9169692397117615},"size":54.06791687011719,"orthographic":false}